Sample Name,Tissue,Infection,Rep,Mouse #,MHV-Y,yHV68,CCR3
Adipose Tissue - Mat MHV-Y_1,Adipose Tissue Mat,MHV-Y,1,1,0.0000032696743,0.0000065504415,0.0002740283211
Adipose Tissue - Mat MHV-Y_2,Adipose Tissue Mat,MHV-Y,1,2,0.0000402565710,0.0000045459572,0.0004478138969
Adipose Tissue - Mat MHV-Y_3,Adipose Tissue Mat,MHV-Y,1,3,0.0000904296771,0.0000113037096,0.0008479150939
Adipose Tissue - Mat MHV-Y_4,Adipose Tissue Mat,MHV-Y,1,4,0.0001049125630,0.0000074018921,0.0005229867317
Adipose Tissue - Mat MHV-Y_5,Adipose Tissue Mat,MHV-Y,1,5,0.0000722739590,0.0000090342449,0.0006979970946
Adipose Tissue - Mat Uninfected_1,Adipose Tissue Mat,Uninfected,1,1,0.0000777546747,0.0000059754234,0.0003022889985
Adipose Tissue - Mat Uninfected_2,Adipose Tissue Mat,Uninfected,1,2,0.0000736039904,0.0000092004988,0.0004849942810
Adipose Tissue - Mat Uninfected_3,Adipose Tissue Mat,Uninfected,1,3,0.0001566150441,0.0000098011307,0.0000961090095
Adipose Tissue - Mat Uninfected_4,Adipose Tissue Mat,Uninfected,1,4,0.0001575697815,0.0000161484653,0.0001394891021
Adipose Tissue - Mat Uninfected_5,Adipose Tissue Mat,Uninfected,1,5,0.0000160369596,0.0000032461656,0.0000032461656
Adipose Tissue - Mat yHV68 and MHV-Y_1,Adipose Tissue Mat,yHV68 and MHV-Y,1,1,0.0000518887534,0.0000635980224,0.0001974348859
Adipose Tissue - Mat yHV68 and MHV-Y_2,Adipose Tissue Mat,yHV68 and MHV-Y,1,2,0.0000373140171,0.0000046642521,0.0000046642521
Adipose Tissue - Mat yHV68 and MHV-Y_3,Adipose Tissue Mat,yHV68 and MHV-Y,1,3,0.0000026180506,0.0000050987509,0.0011960171282
Adipose Tissue - Mat yHV68 and MHV-Y_4,Adipose Tissue Mat,yHV68 and MHV-Y,1,4,0.0000208146105,0.0000026018263,0.0000746094877
Adipose Tissue - Mat yHV68 and MHV-Y_5,Adipose Tissue Mat,yHV68 and MHV-Y,1,5,0.0000608067395,0.0000076008424,0.0004517420603
Adipose Tissue - Mat yHV68_1,Adipose Tissue Mat,yHV68,1,1,0.0000079114727,0.0000022997294,0.0002482590072
Adipose Tissue - Mat yHV68_2,Adipose Tissue Mat,yHV68,1,2,0.0001178634288,0.0000077085893,0.0005832272502
Adipose Tissue - Mat yHV68_3,Adipose Tissue Mat,yHV68,1,3,0.0000082412236,0.0001241812085,0.0000260967732
Adipose Tissue - Mat yHV68_4,Adipose Tissue Mat,yHV68,1,4,0.0000259199663,0.0000633204890,0.0002231185546
Adipose Tissue - Mat yHV68_5,Adipose Tissue Mat,yHV68,1,5,0.0000359233393,0.0000038894613,0.0005148244999
Cecum MHV-Y_1,Cecum,MHV-Y,1,1,0.0002674380970,0.0000750209573,0.0000750209573
Cecum MHV-Y_2,Cecum,MHV-Y,1,2,0.0003965354722,0.0000490368893,0.0001353142625
Cecum MHV-Y_3,Cecum,MHV-Y,1,3,0.0006592263818,0.0000233460003,0.0000731906155
Cecum MHV-Y_4,Cecum,MHV-Y,1,4,0.0000743562185,0.0000144418224,0.0001117576795
Cecum MHV-Y_5,Cecum,MHV-Y,1,5,0.0002652198393,0.0000281149069,0.0000281149069
Cecum Uninfected_1,Cecum,Uninfected,1,1,0.0001261310152,0.0000135717562,0.0000135717562
Cecum Uninfected_2,Cecum,Uninfected,1,2,0.0000753693015,0.0000192493190,0.0001088192104
Cecum Uninfected_3,Cecum,Uninfected,1,3,0.0025428582064,0.0003178572758,0.0003178572758
Cecum Uninfected_4,Cecum,Uninfected,1,4,0.0394353244950,0.0000323164927,0.0000951601158
Cecum Uninfected_5,Cecum,Uninfected,1,5,0.0071521699852,0.0008940212482,0.0008940212482
Cecum yHV68 and MHV-Y_1,Cecum,yHV68 and MHV-Y,1,1,0.0001610846261,0.0000235554591,0.0000235554591
Cecum yHV68 and MHV-Y_2,Cecum,yHV68 and MHV-Y,1,2,0.0001427228472,0.0000178403559,0.0000178403559
Cecum yHV68 and MHV-Y_3,Cecum,yHV68 and MHV-Y,1,3,0.0000665039832,0.0000192494462,0.0000192494462
Cecum yHV68 and MHV-Y_4,Cecum,yHV68 and MHV-Y,1,4,,,
Cecum yHV68 and MHV-Y_5,Cecum,yHV68 and MHV-Y,1,5,0.0000882246804,0.0000153082329,0.0000307397642
Cecum yHV68_1,Cecum,yHV68,1,1,0.0000351581776,0.0000225270722,0.0000225270722
Cecum yHV68_2,Cecum,yHV68,1,2,0.0001565622536,0.0002777101081,0.0000326311014
Cecum yHV68_3,Cecum,yHV68,1,3,0.0000667994439,0.0000161338263,0.0000829887586
Cecum yHV68_4,Cecum,yHV68,1,4,0.0002508900506,0.0005349617654,0.0000269399108
Cecum yHV68_5,Cecum,yHV68,1,5,0.0000290389061,0.0000068080288,0.0000068080288
Distal Colon MHV-Y_1,Distal Colon,MHV-Y,1,1,0.0000102674010,0.0000111022830,0.0000691219042
Distal Colon MHV-Y_2,Distal Colon,MHV-Y,1,2,0.0008855462313,0.0000000793616,0.0000496199443
Distal Colon MHV-Y_3,Distal Colon,MHV-Y,1,3,0.0000545411866,0.0000053420841,0.0002468738730
Distal Colon MHV-Y_4,Distal Colon,MHV-Y,1,4,0.0245275514235,0.0000002534676,0.0000650330973
Distal Colon MHV-Y_5,Distal Colon,MHV-Y,1,5,0.0000296268331,0.0000037033541,0.0000900537440
Distal Colon Uninfected_1,Distal Colon,Uninfected,1,1,0.0023905151842,0.0000000488025,0.0000200980116
Distal Colon Uninfected_2,Distal Colon,Uninfected,1,2,0.0000072437732,0.0000009054716,0.0000767957803
Distal Colon Uninfected_3,Distal Colon,Uninfected,1,3,0.0456203155612,0.0000010583621,0.0000010583621
Distal Colon Uninfected_4,Distal Colon,Uninfected,1,4,0.0038226532464,0.0000035142983,0.0000175509435
Distal Colon Uninfected_5,Distal Colon,Uninfected,1,5,0.0005356418730,0.0000010450876,0.0000010450876
Distal Colon yHV68 and MHV-Y_1,Distal Colon,yHV68 and MHV-Y,1,1,0.0000061946054,0.0000291654509,0.0000557000511
Distal Colon yHV68 and MHV-Y_2,Distal Colon,yHV68 and MHV-Y,1,2,,,
Distal Colon yHV68 and MHV-Y_3,Distal Colon,yHV68 and MHV-Y,1,3,0.0000039290295,0.0000713684055,0.0000811900836
Distal Colon yHV68 and MHV-Y_4,Distal Colon,yHV68 and MHV-Y,1,4,0.0000015189541,0.0000001898693,0.0000001898693
Distal Colon yHV68 and MHV-Y_5,Distal Colon,yHV68 and MHV-Y,1,5,0.0000027459373,0.0001942322856,0.0001029802885
Distal Colon yHV68_1,Distal Colon,yHV68,1,1,0.0136267705971,0.0000540466222,0.0000899454666
Distal Colon yHV68_2,Distal Colon,yHV68,1,2,0.0000063589534,0.0000031813268,0.0000657350906
Distal Colon yHV68_3,Distal Colon,yHV68,1,3,0.0777041034559,0.0002285640690,0.0001729780119
Distal Colon yHV68_4,Distal Colon,yHV68,1,4,0.0000126273677,0.0000803890173,0.0000932989755
Distal Colon yHV68_5,Distal Colon,yHV68,1,5,0.0169286427773,0.0007923415255,0.0001335563273
Liver MHV-Y_1,Liver,MHV-Y,1,1,0.0000092185066,0.0000005754517,0.0025227869399
Liver MHV-Y_2,Liver,MHV-Y,1,2,0.0000002614101,0.0000003141878,0.0104027916610
Liver MHV-Y_3,Liver,MHV-Y,1,3,0.0000004724265,0.0000009050312,0.0043901838887
Liver MHV-Y_4,Liver,MHV-Y,1,4,0.0000360622878,0.0000063786647,0.0049800769805
Liver MHV-Y_5,Liver,MHV-Y,1,5,0.0000212309739,0.0000026538717,0.0230541546790
Liver Uninfected_1,Liver,Uninfected,1,1,0.0000012154719,0.0000001519340,0.0082996815051
Liver Uninfected_2,Liver,Uninfected,1,2,0.0000003086454,0.0000004991501,0.0039469177464
Liver Uninfected_3,Liver,Uninfected,1,3,0.0000033852951,0.0000007384641,0.0017684987952
Liver Uninfected_4,Liver,Uninfected,1,4,0.0000053040958,0.0000006630120,0.0066115703000
Liver Uninfected_5,Liver,Uninfected,1,5,0.0000051336937,0.0000006417117,0.0000006417117
Liver yHV68 and MHV-Y_1,Liver,yHV68 and MHV-Y,1,1,0.0000020776094,0.0000170318886,0.0060059545948
Liver yHV68 and MHV-Y_2,Liver,yHV68 and MHV-Y,1,2,,,
Liver yHV68 and MHV-Y_3,Liver,yHV68 and MHV-Y,1,3,0.0000015686777,0.0000001960847,0.0030855661477
Liver yHV68 and MHV-Y_4,Liver,yHV68 and MHV-Y,1,4,0.0000028090572,0.0000003511322,0.0000003511322
Liver yHV68 and MHV-Y_5,Liver,yHV68 and MHV-Y,1,5,0.0000020270892,0.0000871337866,0.0048152501979
Liver yHV68_1,Liver,yHV68,1,1,0.0000015446558,0.0000001692838,0.0023408490735
Liver yHV68_2,Liver,yHV68,1,2,0.0000007238891,0.0002052861200,0.0039012025306
Liver yHV68_3,Liver,yHV68,1,3,0.0000028533970,0.0003377913555,0.0070489752596
Liver yHV68_4,Liver,yHV68,1,4,0.0000175298640,0.0012437837075,0.0031755945635
Liver yHV68_5,Liver,yHV68,1,5,0.0000021794798,0.0007118455402,0.0050900752309
mLN MHV-Y_1,mLN,MHV-Y,1,1,0.0000019886840,0.0000002485855,0.0001062864484
mLN MHV-Y_2,mLN,MHV-Y,1,2,0.0000024986591,0.0000003123324,0.0001812430529
mLN MHV-Y_3,mLN,MHV-Y,1,3,0.0000040173260,0.0000005021658,0.0004831140952
mLN MHV-Y_4,mLN,MHV-Y,1,4,0.0000025778315,0.0000003222289,0.0001496601490
mLN MHV-Y_5,mLN,MHV-Y,1,5,0.0000018533854,0.0000002316732,0.0002791307569
mLN Uninfected_1,mLN,Uninfected,1,1,0.0000033292462,0.0000004161558,0.0000955278082
mLN Uninfected_2,mLN,Uninfected,1,2,0.0000032696051,0.0000004087006,0.0003910182239
mLN Uninfected_3,mLN,Uninfected,1,3,0.0000069432763,0.0000008577413,0.0000451147030
mLN Uninfected_4,mLN,Uninfected,1,4,0.0000025151211,0.0000003143901,0.0003293940700
mLN Uninfected_5,mLN,Uninfected,1,5,0.0000058460297,0.0000007307537,0.0000007307537
mLN yHV68 and MHV-Y_1,mLN,yHV68 and MHV-Y,1,1,0.0000027859307,0.0000003482413,0.0001424444239
mLN yHV68 and MHV-Y_2,mLN,yHV68 and MHV-Y,1,2,,,
mLN yHV68 and MHV-Y_3,mLN,yHV68 and MHV-Y,1,3,0.0000022181945,0.0000002772743,0.0001236893269
mLN yHV68 and MHV-Y_4,mLN,yHV68 and MHV-Y,1,4,0.0000186570825,0.0000023321353,0.0000023321353
mLN yHV68 and MHV-Y_5,mLN,yHV68 and MHV-Y,1,5,0.0000014421084,0.0000001802635,0.0001311608106
mLN yHV68_1,mLN,yHV68,1,1,0.0000010286158,0.0000002221677,0.0000471206043
mLN yHV68_2,mLN,yHV68,1,2,0.0000055847380,0.0000006980923,0.0003046174789
mLN yHV68_3,mLN,yHV68,1,3,0.0000026223461,0.0000003277933,0.0001126803360
mLN yHV68_4,mLN,yHV68,1,4,0.0000040377088,0.0000015720628,0.0001255825883
mLN yHV68_5,mLN,yHV68,1,5,0.0000131341281,0.0000304518037,0.0003218954946
Omentum MHV-Y_1,Omentum,MHV-Y,1,1,0.0000068705995,0.0000012046533,0.0000466161340
Omentum MHV-Y_2,Omentum,MHV-Y,1,2,0.0027293349996,0.0000020497643,0.0001027120196
Omentum MHV-Y_3,Omentum,MHV-Y,1,3,0.0000071672972,0.0000063325515,0.0001308379831
Omentum MHV-Y_4,Omentum,MHV-Y,1,4,0.0018813125652,0.0000016301084,0.0001391983988
Omentum MHV-Y_5,Omentum,MHV-Y,1,5,0.0000082287141,0.0000010285893,0.0000960258191
Omentum Uninfected_1,Omentum,Uninfected,1,1,0.0015258424455,0.0000026653169,0.0001159632119
Omentum Uninfected_2,Omentum,Uninfected,1,2,0.0000004217410,0.0000004911410,0.0001210909381
Omentum Uninfected_3,Omentum,Uninfected,1,3,0.0032998117226,0.0000022913804,0.0000284954029
Omentum Uninfected_4,Omentum,Uninfected,1,4,0.0000049184148,0.0000006148018,0.0000607378835
Omentum Uninfected_5,Omentum,Uninfected,1,5,0.0011635819551,0.0000024262319,0.0000222643860
Omentum yHV68 and MHV-Y_1,Omentum,yHV68 and MHV-Y,1,1,0.0000047138084,0.0000633395787,0.0001772021203
Omentum yHV68 and MHV-Y_2,Omentum,yHV68 and MHV-Y,1,2,0.0000674493955,0.0000084311744,0.0000084311744
Omentum yHV68 and MHV-Y_3,Omentum,yHV68 and MHV-Y,1,3,0.0000167809083,0.0001430500328,0.0002749093637
Omentum yHV68 and MHV-Y_4,Omentum,yHV68 and MHV-Y,1,4,0.0001729693219,0.0000021242065,0.0000021242065
Omentum yHV68 and MHV-Y_5,Omentum,yHV68 and MHV-Y,1,5,0.0000057277465,0.0000580563169,0.0001563564371
Omentum yHV68_1,Omentum,yHV68,1,1,0.0006634213485,0.0000011294001,0.0000668604082
Omentum yHV68_2,Omentum,yHV68,1,2,0.0000077352448,0.0000064282488,0.0001345429257
Omentum yHV68_3,Omentum,yHV68,1,3,0.0056273611514,0.0004701329340,0.0001877856095
Omentum yHV68_4,Omentum,yHV68,1,4,0.0000078929809,0.0000395892236,0.0000895736780
Omentum yHV68_5,Omentum,yHV68,1,5,0.0015171947759,0.0015838326819,0.0001810354243
PP MHV-Y_1,PP,MHV-Y,1,1,0.0000011990714,0.0000004078365,0.0000336556149
PP MHV-Y_2,PP,MHV-Y,1,2,0.0007562261838,0.0000006492881,0.0000177492398
PP MHV-Y_3,PP,MHV-Y,1,3,0.0000275891352,0.0000052728706,0.0000697693592
PP MHV-Y_4,PP,MHV-Y,1,4,0.0005030274957,0.0000001315457,0.0000652548692
PP MHV-Y_5,PP,MHV-Y,1,5,0.0000077961267,0.0000009745158,0.0000786335884
PP Uninfected_1,PP,Uninfected,1,1,0.0000033865261,0.0000010837744,0.0000195882201
PP Uninfected_2,PP,Uninfected,1,2,0.0000113938979,0.0000006178763,0.0001267486803
PP Uninfected_3,PP,Uninfected,1,3,0.0000091722494,0.0000014142906,0.0000014142906
PP Uninfected_4,PP,Uninfected,1,4,0.0000610445981,0.0000076305748,0.0001047477757
PP Uninfected_5,PP,Uninfected,1,5,0.0000086168753,0.0000010771094,0.0000010771094
PP yHV68 and MHV-Y_1,PP,yHV68 and MHV-Y,1,1,0.0000320634471,0.0000066579291,0.0001094436515
PP yHV68 and MHV-Y_2,PP,yHV68 and MHV-Y,1,2,,,
PP yHV68 and MHV-Y_3,PP,yHV68 and MHV-Y,1,3,0.0000065382766,0.0000008172846,0.0000798134549
PP yHV68 and MHV-Y_4,PP,yHV68 and MHV-Y,1,4,0.0000039784620,0.0000004973077,0.0000004973077
PP yHV68 and MHV-Y_5,PP,yHV68 and MHV-Y,1,5,0.0000011497081,0.0000034784928,0.0000758934482
PP yHV68_1,PP,yHV68,1,1,0.0000089696334,0.0000007362852,0.0000114414320
PP yHV68_2,PP,yHV68,1,2,0.0000136223775,0.0000114883441,0.0000636786233
PP yHV68_3,PP,yHV68,1,3,0.0000082090576,0.0000011873254,0.0000064526180
PP yHV68_4,PP,yHV68,1,4,0.0000125219516,0.0000025777327,0.0000929949255
PP yHV68_5,PP,yHV68,1,5,0.0000405199738,0.0004949267499,0.0000827160119
Proximal Colon MHV-Y_1,Proximal Colon,MHV-Y,1,1,0.0000157487941,0.0000019685993,0.0000756844341
Proximal Colon MHV-Y_2,Proximal Colon,MHV-Y,1,2,0.0000027705261,0.0000001932145,0.0000196591248
Proximal Colon MHV-Y_3,Proximal Colon,MHV-Y,1,3,0.0000112779451,0.0000014097431,0.0000237241024
Proximal Colon MHV-Y_4,Proximal Colon,MHV-Y,1,4,0.0000062131501,0.0000003514763,0.0000244166783
Proximal Colon MHV-Y_5,Proximal Colon,MHV-Y,1,5,0.0000134283307,0.0000103207911,0.0001031221157
Proximal Colon Uninfected_1,Proximal Colon,Uninfected,1,1,0.0000104931711,0.0000020024903,0.0000435356285
Proximal Colon Uninfected_2,Proximal Colon,Uninfected,1,2,0.0000124572406,0.0000015571551,0.0000553558965
Proximal Colon Uninfected_3,Proximal Colon,Uninfected,1,3,0.0000057337471,0.0000007109277,0.0000217299457
Proximal Colon Uninfected_4,Proximal Colon,Uninfected,1,4,0.0000116299918,0.0000014537490,0.0000159954574
Proximal Colon Uninfected_5,Proximal Colon,Uninfected,1,5,0.0000229064127,0.0000028633016,0.0000217056263
Proximal Colon yHV68 and MHV-Y_1,Proximal Colon,yHV68 and MHV-Y,1,1,0.0000095921779,0.0000893706945,0.0000559965000
Proximal Colon yHV68 and MHV-Y_2,Proximal Colon,yHV68 and MHV-Y,1,2,0.0000194490540,0.0000024311317,0.0000024311317
Proximal Colon yHV68 and MHV-Y_3,Proximal Colon,yHV68 and MHV-Y,1,3,0.0000116635130,0.0000285972261,0.0000563935997
Proximal Colon yHV68 and MHV-Y_4,Proximal Colon,yHV68 and MHV-Y,1,4,0.0000109183231,0.0000013647904,0.0000063854822
Proximal Colon yHV68 and MHV-Y_5,Proximal Colon,yHV68 and MHV-Y,1,5,0.0000158285108,0.0000160051034,0.0000361679036
Proximal Colon yHV68_1,Proximal Colon,yHV68,1,1,0.0000054983041,0.0000012815837,0.0000484682142
Proximal Colon yHV68_2,Proximal Colon,yHV68,1,2,0.0000156056996,0.0001727526708,0.0000605881484
Proximal Colon yHV68_3,Proximal Colon,yHV68,1,3,0.0000062176120,0.0000145148276,0.0000595727299
Proximal Colon yHV68_4,Proximal Colon,yHV68,1,4,0.0000062249652,0.0000487433121,0.0000205284773
Proximal Colon yHV68_5,Proximal Colon,yHV68,1,5,0.0000056938091,0.0005100847257,0.0001431627944
SI Zone A MHV-Y_1,SI Zone A,MHV-Y,1,1,0.0000244846266,0.0000020610578,0.0000418328032
SI Zone A MHV-Y_2,SI Zone A,MHV-Y,1,2,0.0000290964352,0.0000021883293,0.0001004832112
SI Zone A MHV-Y_3,SI Zone A,MHV-Y,1,3,0.0000099918089,0.0000017438444,0.0000729940632
SI Zone A MHV-Y_5,SI Zone A,MHV-Y,1,5,0.0000060385992,0.0000015423683,0.0000230722394
SI Zone A Uninfected_1,SI Zone A,Uninfected,1,1,0.0000135342895,0.0000021867936,0.0000086170804
SI Zone A Uninfected_2,SI Zone A,Uninfected,1,2,0.0000156191367,0.0000013550028,0.0000471591507
SI Zone A Uninfected_3,SI Zone A,Uninfected,1,3,0.0012921931750,0.0001615241469,0.0001615241469
SI Zone A Uninfected_4,SI Zone A,Uninfected,1,4,0.0000038646579,0.0000015877135,0.0000462686715
SI Zone A Uninfected_5,SI Zone A,Uninfected,1,5,0.0349651545253,0.0043706443157,0.0043706443157
SI Zone A yHV68 and MHV-Y_1,SI Zone A,yHV68 and MHV-Y,1,1,0.0000344292904,0.0000014328380,0.0000916478215
SI Zone A yHV68 and MHV-Y_2,SI Zone A,yHV68 and MHV-Y,1,2,0.0000512822594,0.0000064102824,0.0000064102824
SI Zone A yHV68 and MHV-Y_3,SI Zone A,yHV68 and MHV-Y,1,3,0.0000145218143,0.0000013840859,0.1578921485061
SI Zone A yHV68 and MHV-Y_4,SI Zone A,yHV68 and MHV-Y,1,4,0.0000778442628,0.0000097305329,0.0000097305329
SI Zone A yHV68 and MHV-Y_5,SI Zone A,yHV68 and MHV-Y,1,5,0.0000288420899,0.0000452363635,0.0001589916850
SI Zone A yHV68_1,SI Zone A,yHV68,1,1,0.0000358659658,0.0000044832457,0.0000044832457
SI Zone A yHV68_2,SI Zone A,yHV68,1,2,0.0000040272809,0.0000015941518,0.0002499498030
SI Zone A yHV68_3,SI Zone A,yHV68,1,3,0.0003146745222,0.0000014605861,0.0000120792263
SI Zone A yHV68_4,SI Zone A,yHV68,1,4,0.0000217708938,0.0003580016167,0.0000846014921
SI Zone A yHV68_5,SI Zone A,yHV68,1,5,0.0000298098839,0.0000021566068,0.0000980479796
SI Zone B MHV-Y_1,SI Zone B,MHV-Y,1,1,0.0000188901902,0.0000017192811,0.0000532681512
SI Zone B MHV-Y_2,SI Zone B,MHV-Y,1,2,0.0000269765138,0.0000024105397,0.0000790653693
SI Zone B MHV-Y_3,SI Zone B,MHV-Y,1,3,0.0000109396353,0.0000013674544,0.0001576293719
SI Zone B MHV-Y_4,SI Zone B,MHV-Y,1,4,0.0000339252623,0.0000042406578,0.0001300550178
SI Zone B MHV-Y_5,SI Zone B,MHV-Y,1,5,0.0000128549340,0.0000016068668,0.0000916579999
SI Zone B Uninfected_1,SI Zone B,Uninfected,1,1,0.0000469993129,0.0000024947707,0.0002222679854
SI Zone B Uninfected_2,SI Zone B,Uninfected,1,2,0.0000050258283,0.0000010162899,0.0000586243765
SI Zone B Uninfected_3,SI Zone B,Uninfected,1,3,0.0000262360133,0.0000024374622,0.0000024374622
SI Zone B Uninfected_4,SI Zone B,Uninfected,1,4,0.0000111229542,0.0000013903693,0.0000838638365
SI Zone B Uninfected_5,SI Zone B,Uninfected,1,5,,,
SI Zone B yHV68 and MHV-Y_1,SI Zone B,yHV68 and MHV-Y,1,1,0.0000076683372,0.0000015600172,0.0001835553626
SI Zone B yHV68 and MHV-Y_2,SI Zone B,yHV68 and MHV-Y,1,2,,,
SI Zone B yHV68 and MHV-Y_3,SI Zone B,yHV68 and MHV-Y,1,3,0.0000100733677,0.0000012591710,0.0001111996886
SI Zone B yHV68 and MHV-Y_4,SI Zone B,yHV68 and MHV-Y,1,4,0.0000580153444,0.0000072519180,0.0000072519180
SI Zone B yHV68 and MHV-Y_5,SI Zone B,yHV68 and MHV-Y,1,5,0.0000099150519,0.0000705360915,0.0001046609821
SI Zone B yHV68_1,SI Zone B,yHV68,1,1,0.0000052736933,0.0000030480645,0.0000107136742
SI Zone B yHV68_2,SI Zone B,yHV68,1,2,0.0000108566017,0.0000036099640,0.0000974045595
SI Zone B yHV68_3,SI Zone B,yHV68,1,3,0.0000718166692,0.0000024535632,0.0000805065427
SI Zone B yHV68_4,SI Zone B,yHV68,1,4,0.0000116061379,0.0000134699376,0.0000416279001
SI Zone B yHV68_5,SI Zone B,yHV68,1,5,0.0000886063315,0.0000214419425,0.0005146223908
SI Zone C MHV-Y_1,SI Zone C,MHV-Y,1,1,0.0000302485304,0.0000014292320,0.0000302590098
SI Zone C MHV-Y_2,SI Zone C,MHV-Y,1,2,0.0000272302430,0.0000034037804,0.0000034037804
SI Zone C MHV-Y_3,SI Zone C,MHV-Y,1,3,0.0000154509693,0.0000019313712,0.0000174714197
SI Zone C MHV-Y_4,SI Zone C,MHV-Y,1,4,0.0000393045809,0.0000024571210,0.0000072859376
SI Zone C MHV-Y_5,SI Zone C,MHV-Y,1,5,0.0000134929655,0.0000016866207,0.0000196718124
SI Zone C Uninfected_1,SI Zone C,Uninfected,1,1,0.0000265252464,0.0000022991852,0.0000733592745
SI Zone C Uninfected_2,SI Zone C,Uninfected,1,2,0.0000113652680,0.0000014206585,0.0000604395814
SI Zone C Uninfected_3,SI Zone C,Uninfected,1,3,0.0001516677431,0.0000156272541,0.0000156272541
SI Zone C Uninfected_4,SI Zone C,Uninfected,1,4,0.0000028724506,0.0000010776407,0.0000045134810
SI Zone C Uninfected_5,SI Zone C,Uninfected,1,5,,,
SI Zone C yHV68 and MHV-Y_1,SI Zone C,yHV68 and MHV-Y,1,1,0.0000102208926,0.0000012776116,0.0000837726367
SI Zone C yHV68 and MHV-Y_2,SI Zone C,yHV68 and MHV-Y,1,2,0.0006967763717,0.0000870970465,0.0000870970465
SI Zone C yHV68 and MHV-Y_3,SI Zone C,yHV68 and MHV-Y,1,3,0.0000106708846,0.0000013338606,0.0000905518248
SI Zone C yHV68 and MHV-Y_4,SI Zone C,yHV68 and MHV-Y,1,4,0.0001022705580,0.0000127838198,0.0000127838198
SI Zone C yHV68 and MHV-Y_5,SI Zone C,yHV68 and MHV-Y,1,5,0.0000109551651,0.0000767666468,0.0000883085841
SI Zone C yHV68_1,SI Zone C,yHV68,1,1,0.0000331291268,0.0000041411408,0.0000041411408
SI Zone C yHV68_2,SI Zone C,yHV68,1,2,0.0000208079246,0.0000012896777,0.0000724479763
SI Zone C yHV68_3,SI Zone C,yHV68,1,3,0.0000711627271,0.0000974139606,0.0000088953409
SI Zone C yHV68_4,SI Zone C,yHV68,1,4,0.0000073300528,0.0000015392719,0.0002231220944
SI Zone C yHV68_5,SI Zone C,yHV68,1,5,0.0000079622908,0.0000021447812,0.0000635267615
SI Zone D MHV-Y_1,SI Zone D,MHV-Y,1,1,0.0000235397376,0.0000029424672,0.0000878265577
SI Zone D MHV-Y_2,SI Zone D,MHV-Y,1,2,0.0000093303914,0.0000019456822,0.0001127208636
SI Zone D MHV-Y_3,SI Zone D,MHV-Y,1,3,0.0000116588262,0.0000014573533,0.0000410880147
SI Zone D MHV-Y_4,SI Zone D,MHV-Y,1,4,0.0000219106198,0.0000040907091,0.0001247405007
SI Zone D MHV-Y_5,SI Zone D,MHV-Y,1,5,0.0000173613341,0.0000027396640,0.0000784711640
SI Zone D Uninfected_1,SI Zone D,Uninfected,1,1,0.0000202732499,0.0000026974946,0.0000151123726
SI Zone D Uninfected_2,SI Zone D,Uninfected,1,2,0.0000454580668,0.0000027273587,0.0000653857883
SI Zone D Uninfected_3,SI Zone D,Uninfected,1,3,0.0000446660922,0.0000102718543,0.0000102718543
SI Zone D Uninfected_4,SI Zone D,Uninfected,1,4,0.0000087916944,0.0000012097702,0.0000012097702
SI Zone D Uninfected_5,SI Zone D,Uninfected,1,5,0.0015858672061,0.0002695020462,0.0002695020462
SI Zone D yHV68 and MHV-Y_1,SI Zone D,yHV68 and MHV-Y,1,1,0.0000330855753,0.0000029342937,0.0000983888406
SI Zone D yHV68 and MHV-Y_2,SI Zone D,yHV68 and MHV-Y,1,2,,,
SI Zone D yHV68 and MHV-Y_3,SI Zone D,yHV68 and MHV-Y,1,3,0.0000132288254,0.0000016043831,0.0000629721942
SI Zone D yHV68 and MHV-Y_4,SI Zone D,yHV68 and MHV-Y,1,4,0.0036782340255,0.0004597792532,0.0004597792532
SI Zone D yHV68 and MHV-Y_5,SI Zone D,yHV68 and MHV-Y,1,5,0.0000167580062,0.0000020783979,0.0000835825780
SI Zone D yHV68_1,SI Zone D,yHV68,1,1,0.0000197018481,0.0000066417526,0.0000189663398
SI Zone D yHV68_2,SI Zone D,yHV68,1,2,0.0000284421078,0.0000017647714,0.0000828723206
SI Zone D yHV68_4,SI Zone D,yHV68,1,4,0.0000336274612,0.0000022620635,0.0000603218356
SI Zone D yHV68_5,SI Zone D,yHV68,1,5,0.0000194636902,0.0000042390098,0.0000277932706
SI Zone E MHV-Y_1,SI Zone E,MHV-Y,1,1,0.0000054239751,0.0000020773073,0.0000382206237
SI Zone E MHV-Y_2,SI Zone E,MHV-Y,1,2,0.0000343620804,0.0000019837001,0.0000221351888
SI Zone E MHV-Y_3,SI Zone E,MHV-Y,1,3,0.0000197285125,0.0000019207781,0.0000650863398
SI Zone E MHV-Y_4,SI Zone E,MHV-Y,1,4,0.0000218241204,0.0000027280151,0.0000522885127
SI Zone E MHV-Y_5,SI Zone E,MHV-Y,1,5,0.0000306367921,0.0000029628871,0.0000986703395
SI Zone E Uninfected_1,SI Zone E,Uninfected,1,1,0.0000176550408,0.0000022068801,0.0000123690314
SI Zone E Uninfected_2,SI Zone E,Uninfected,1,2,0.0000253615035,0.0000031701879,0.0000568736126
SI Zone E Uninfected_3,SI Zone E,Uninfected,1,3,0.0004876986719,0.0000609623340,0.0000609623340
SI Zone E Uninfected_4,SI Zone E,Uninfected,1,4,0.0000077648151,0.0000009509875,0.0000009509875
SI Zone E Uninfected_5,SI Zone E,Uninfected,1,5,,,
SI Zone E yHV68 and MHV-Y_1,SI Zone E,yHV68 and MHV-Y,1,1,0.0000441092494,0.0000044572890,0.0000044572890
SI Zone E yHV68 and MHV-Y_2,SI Zone E,yHV68 and MHV-Y,1,2,0.0003866727320,0.0000483340915,0.0000483340915
SI Zone E yHV68 and MHV-Y_3,SI Zone E,yHV68 and MHV-Y,1,3,0.0000386857342,0.0000025188913,0.0000942243277
SI Zone E yHV68 and MHV-Y_4,SI Zone E,yHV68 and MHV-Y,1,4,0.0101184139955,0.0012648017494,0.0012648017494
SI Zone E yHV68 and MHV-Y_5,SI Zone E,yHV68 and MHV-Y,1,5,0.0000184783752,0.0000023097969,0.0000287850257
SI Zone E yHV68_1,SI Zone E,yHV68,1,1,0.0000223684462,0.0000027960558,0.0000027960558
SI Zone E yHV68_2,SI Zone E,yHV68,1,2,0.0000042996121,0.0000013769678,0.0000457799489
SI Zone E yHV68_3,SI Zone E,yHV68,1,3,0.0000247014271,0.0000030876784,0.0000030876784
SI Zone E yHV68_4,SI Zone E,yHV68,1,4,0.0000420605629,0.0000024099821,0.0001023954322
SI Zone E yHV68_5,SI Zone E,yHV68,1,5,0.0000025749601,0.0000576651173,0.0000176513066
Spleen MHV-Y_1,Spleen,MHV-Y,1,1,0.0000030679677,0.0000008143885,0.0001800443984
Spleen MHV-Y_2,Spleen,MHV-Y,1,2,0.0000013362628,0.0000009766943,0.0000009766943
Spleen MHV-Y_3,Spleen,MHV-Y,1,3,0.0000061638314,0.0000007704789,0.0000503536533
Spleen MHV-Y_4,Spleen,MHV-Y,1,4,0.0879518039810,0.0000022275399,0.0003891770438
Spleen MHV-Y_5,Spleen,MHV-Y,1,5,0.0000044582437,0.0000005572805,0.0000945725239
Spleen Uninfected_1,Spleen,Uninfected,1,1,0.0000244705171,0.0000026828875,0.0004790226824
Spleen Uninfected_2,Spleen,Uninfected,1,2,,,
Spleen Uninfected_3,Spleen,Uninfected,1,3,,,
Spleen Uninfected_4,Spleen,Uninfected,1,4,0.0000007500609,0.0000003755097,0.0001402769257
Spleen Uninfected_5,Spleen,Uninfected,1,5,0.0000008340773,0.0000007512925,0.0000007512925
Spleen yHV68 and MHV-Y_1,Spleen,yHV68 and MHV-Y,1,1,0.0000054952374,0.0000006833088,0.0000778515702
Spleen yHV68 and MHV-Y_2,Spleen,yHV68 and MHV-Y,1,2,,,
Spleen yHV68 and MHV-Y_3,Spleen,yHV68 and MHV-Y,1,3,0.0000043958298,0.0000005494787,0.0001205684108
Spleen yHV68 and MHV-Y_4,Spleen,yHV68 and MHV-Y,1,4,,,
Spleen yHV68 and MHV-Y_5,Spleen,yHV68 and MHV-Y,1,5,0.0000049787150,0.0000051081294,0.0001140768886
Spleen yHV68_1,Spleen,yHV68,1,1,,,
Spleen yHV68_2,Spleen,yHV68,1,2,0.0000043176866,,0.0001516633318
Spleen yHV68_3,Spleen,yHV68,1,3,0.0000181895511,0.0000519135242,0.0001645660067
Spleen yHV68_4,Spleen,yHV68,1,4,0.0000048807928,0.0000052450736,0.0001150697968
Spleen yHV68_5,Spleen,yHV68,1,5,,,
Cecum MHV-Y_1,Cecum,MHV-Y,2,1,0.0000028629000,0.0000009149870,0.0003363200000
Cecum MHV-Y_2,Cecum,MHV-Y,2,2,0.0000056209700,0.0000007026210,0.0002313190000
Cecum MHV-Y_3,Cecum,MHV-Y,2,3,0.0000053964400,0.0000006745550,0.0002496720000
Cecum MHV-Y_4,Cecum,MHV-Y,2,4,0.0000058552000,0.0000007318990,0.0001189890000
Cecum MHV-Y_5,Cecum,MHV-Y,2,5,0.0000083940400,0.0000010492500,0.0000010492500
Cecum Uninfected_1,Cecum,Uninfected,2,1,,,
Cecum Uninfected_2,Cecum,Uninfected,2,2,0.0000180933000,0.0000009470070,0.0001695350000
Cecum Uninfected_3,Cecum,Uninfected,2,3,0.0000062404700,0.0000013662900,0.0002259530000
Cecum Uninfected_4,Cecum,Uninfected,2,4,0.0000172893000,0.0000009435160,0.0002723240000
Cecum Uninfected_5,Cecum,Uninfected,2,5,0.0000028433600,0.0000006944180,0.0002289490000
Cecum yHV68 and MHV-Y_1,Cecum,yHV68 and MHV-Y,2,1,,,
Cecum yHV68 and MHV-Y_2,Cecum,yHV68 and MHV-Y,2,2,0.0000050155900,0.0000006269480,0.0002856680000
Cecum yHV68 and MHV-Y_3,Cecum,yHV68 and MHV-Y,2,3,0.0000075689600,0.0000009461210,0.0003949830000
Cecum yHV68 and MHV-Y_4,Cecum,yHV68 and MHV-Y,2,4,0.0000079695800,0.0000009961970,0.0003635320000
Cecum yHV68 and MHV-Y_5,Cecum,yHV68 and MHV-Y,2,5,0.0000082450700,0.0000010306300,0.0003184950000
Cecum yHV68_1,Cecum,yHV68,2,1,0.0000024717600,0.0000005669100,0.0001152640000
Cecum yHV68_2,Cecum,yHV68,2,2,0.0000043608000,0.0000007017900,0.0001395000000
Cecum yHV68_3,Cecum,yHV68,2,3,0.0000086900500,0.0000004601930,0.0000988154000
Cecum yHV68_4,Cecum,yHV68,2,4,0.0000029398000,0.0000008060670,0.0002297180000
Cecum yHV68_5,Cecum,yHV68,2,5,0.0000069445000,0.0000008715100,0.0001517420000
Distal Colon MHV-Y_1,Distal Colon,MHV-Y,2,1,0.0000774875000,0.0000096859300,0.0000096859300
Distal Colon MHV-Y_2,Distal Colon,MHV-Y,2,2,0.0000035272800,0.0000004409100,0.0001049180000
Distal Colon MHV-Y_3,Distal Colon,MHV-Y,2,3,0.0000995984000,0.0000124498000,0.0001432280000
Distal Colon MHV-Y_4,Distal Colon,MHV-Y,2,4,0.0001967080000,0.0000245885000,0.0000245885000
Distal Colon MHV-Y_5,Distal Colon,MHV-Y,2,5,,,
Distal Colon Uninfected_1,Distal Colon,Uninfected,2,1,0.0000053058100,0.0000016379200,0.0000848232000
Distal Colon Uninfected_2,Distal Colon,Uninfected,2,2,0.0000329485000,0.0000041185600,0.0001154950000
Distal Colon Uninfected_3,Distal Colon,Uninfected,2,3,0.0000007584070,0.0000000948009,0.0000000948009
Distal Colon Uninfected_4,Distal Colon,Uninfected,2,4,0.0000010328900,0.0000001291110,0.0000001291110
Distal Colon Uninfected_5,Distal Colon,Uninfected,2,5,0.0000198060000,0.0000024757500,0.0000024757500
Distal Colon yHV68 and MHV-Y_1,Distal Colon,yHV68 and MHV-Y,2,1,0.0000040711200,0.0000005088900,0.0000005088900
Distal Colon yHV68 and MHV-Y_2,Distal Colon,yHV68 and MHV-Y,2,2,0.0000192730000,0.0000024091300,0.0000720495000
Distal Colon yHV68 and MHV-Y_3,Distal Colon,yHV68 and MHV-Y,2,3,0.0000822216000,0.0000102777000,0.0002152290000
Distal Colon yHV68 and MHV-Y_4,Distal Colon,yHV68 and MHV-Y,2,4,0.0000289844000,0.0000036230500,0.0000836633000
Distal Colon yHV68 and MHV-Y_5,Distal Colon,yHV68 and MHV-Y,2,5,0.0000498834000,0.0000061294300,0.0001030090000
Distal Colon yHV68_1,Distal Colon,yHV68,2,1,0.0000440742000,0.0000055092800,0.0000804784000
Distal Colon yHV68_2,Distal Colon,yHV68,2,2,0.0000112330000,0.0000014041300,0.0000722727000
Distal Colon yHV68_3,Distal Colon,yHV68,2,3,0.0000019565500,0.0000002445680,0.0000863256000
Distal Colon yHV68_4,Distal Colon,yHV68,2,4,0.0000136318000,0.0000017039800,0.0001196420000
Distal Colon yHV68_5,Distal Colon,yHV68,2,5,0.0000086114500,0.0000024046000,0.0000955399000
Liver MHV-Y_1,Liver,MHV-Y,2,1,0.0000089397600,0.0000011174700,0.0112591420000
Liver MHV-Y_2,Liver,MHV-Y,2,2,0.0000009381710,0.0000001172710,0.0002260830000
Liver MHV-Y_3,Liver,MHV-Y,2,3,0.0000151005000,0.0000032265600,0.0001828730000
Liver MHV-Y_4,Liver,MHV-Y,2,4,0.0000229582000,0.0000020643100,0.0004234260000
Liver MHV-Y_5,Liver,MHV-Y,2,5,0.0007053430000,0.0000011108800,0.0007284690000
Liver Uninfected_1,Liver,Uninfected,2,1,0.0000015172900,0.0000001896620,0.0000001896620
Liver Uninfected_2,Liver,Uninfected,2,2,0.0000016244900,0.0000002030610,0.0000002030610
Liver Uninfected_3,Liver,Uninfected,2,3,0.0000026665700,0.0000003333210,0.0003915420000
Liver Uninfected_4,Liver,Uninfected,2,4,0.0002328220000,0.0000001488450,0.0005953540000
Liver Uninfected_5,Liver,Uninfected,2,5,0.0002021280000,0.0000002244610,0.0002800620000
Liver yHV68 and MHV-Y_1,Liver,yHV68 and MHV-Y,2,1,0.0000754446000,0.0000011370700,0.0001345300000
Liver yHV68 and MHV-Y_2,Liver,yHV68 and MHV-Y,2,2,,,
Liver yHV68 and MHV-Y_3,Liver,yHV68 and MHV-Y,2,3,0.0000023364700,0.0000002920590,0.0002705990000
Liver yHV68 and MHV-Y_4,Liver,yHV68 and MHV-Y,2,4,0.0000011791500,0.0000001473940,0.0002231970000
Liver yHV68 and MHV-Y_5,Liver,yHV68 and MHV-Y,2,5,0.0000014864100,0.0000001858010,0.0002408330000
Liver yHV68_1,Liver,yHV68,2,1,3.6341982320000,0.4542747790000,0.4542747790000
Liver yHV68_2,Liver,yHV68,2,2,0.0000044783600,0.0000007124330,0.0002006270000
Liver yHV68_3,Liver,yHV68,2,3,0.0000036629300,0.0000002753170,0.0005374810000
Liver yHV68_4,Liver,yHV68,2,4,0.0001045270000,0.0000019779400,0.0005260140000
Liver yHV68_5,Liver,yHV68,2,5,0.0000755707000,0.0000075161400,0.0008110750000
mLN MHV-Y_1,mLN,MHV-Y,2,1,0.0000021520800,0.0000002690100,0.0006207340000
mLN MHV-Y_2,mLN,MHV-Y,2,2,0.0000040876200,0.0000316104000,0.0031383400000
mLN MHV-Y_3,mLN,MHV-Y,2,3,0.0000161056000,0.0000419458000,0.0003955880000
mLN MHV-Y_4,mLN,MHV-Y,2,4,0.0798800540000,0.0000315297000,0.0004160170000
mLN MHV-Y_5,mLN,MHV-Y,2,5,0.0000094224100,0.0000141560000,0.0003648960000
mLN Uninfected_1,mLN,Uninfected,2,1,0.0000096414200,0.0000012051800,0.0000012051800
mLN Uninfected_2,mLN,Uninfected,2,2,,,
mLN Uninfected_3,mLN,Uninfected,2,3,0.0000581312000,0.0000004391010,0.0000848452000
mLN Uninfected_4,mLN,Uninfected,2,4,0.0643334030000,0.0000034496600,0.0001748650000
mLN Uninfected_5,mLN,Uninfected,2,5,0.0335821400000,0.0000005620830,0.0001601510000
mLN yHV68 and MHV-Y_1,mLN,yHV68 and MHV-Y,2,1,0.0000112922000,0.0000258343000,0.0006872200000
mLN yHV68 and MHV-Y_2,mLN,yHV68 and MHV-Y,2,2,0.0000047030000,0.0000005878750,0.0003150100000
mLN yHV68 and MHV-Y_3,mLN,yHV68 and MHV-Y,2,3,0.0000087297400,0.0000066742300,0.0004388260000
mLN yHV68 and MHV-Y_4,mLN,yHV68 and MHV-Y,2,4,0.0000139376000,0.0000017422100,0.0003814260000
mLN yHV68 and MHV-Y_5,mLN,yHV68 and MHV-Y,2,5,0.0000368205000,0.0000046025600,0.0004041090000
mLN yHV68_1,mLN,yHV68,2,1,0.0319107360000,0.0000219122000,0.0004538440000
mLN yHV68_2,mLN,yHV68,2,2,0.0075965820000,0.0000257441000,0.0007486240000
mLN yHV68_3,mLN,yHV68,2,3,8.9258732290000,1.1157341540000,1.1157341540000
mLN yHV68_4,mLN,yHV68,2,4,0.0196930430000,0.0000024832100,0.0000028324900
mLN yHV68_5,mLN,yHV68,2,5,,,
PP MHV-Y_2,PP,MHV-Y,2,2,0.0000099102700,0.0001138780000,0.0003223420000
PP MHV-Y_3,PP,MHV-Y,2,3,0.0000096527100,0.0000143223000,0.0004972720000
PP MHV-Y_4,PP,MHV-Y,2,4,0.0000028644900,0.0000130847000,0.0006326850000
PP MHV-Y_5,PP,MHV-Y,2,5,0.0000120418000,0.0000211023000,0.0000023125100
PP Uninfected_1,PP,MHV-Y,2,1,0.0001047550000,0.0000130943000,0.0000130943000
PP Uninfected_2,PP,Uninfected,2,2,0.0000383684000,0.0000047960500,0.0000047960500
PP Uninfected_3,PP,Uninfected,2,3,0.0000139746000,0.0000017468300,0.0000017468300
PP Uninfected_4,PP,Uninfected,2,4,0.0000397850000,0.0000049731200,0.0003429290000
PP Uninfected_5,PP,Uninfected,2,5,0.0054592830000,0.0000016116200,0.0004153590000
PP yHV68 and MHV-Y_1,PP,Uninfected,2,1,0.0000074645000,0.0000009330630,0.0003802780000
PP yHV68 and MHV-Y_2,PP,yHV68 and MHV-Y,2,2,2.3572151360000,0.2946518920000,0.2946518920000
PP yHV68 and MHV-Y_3,PP,yHV68 and MHV-Y,2,3,0.0000083245800,0.0000010405700,0.0000026044300
PP yHV68 and MHV-Y_4,PP,yHV68 and MHV-Y,2,4,0.0000091924700,0.0000011490600,0.0003248210000
PP yHV68 and MHV-Y_5,PP,yHV68 and MHV-Y,2,5,0.0000034910900,0.0000004363870,0.0004891850000
PP yHV68_1,PP,yHV68 and MHV-Y,2,1,0.0035551270000,0.0000271711000,0.0004921720000
PP yHV68_2,PP,yHV68,2,2,0.0000445124000,0.0000199084000,0.0003264430000
PP yHV68_3,PP,yHV68,2,3,0.0072907930000,0.0000377125000,0.0004626040000
PP yHV68_4,PP,yHV68,2,4,0.0059405590000,0.0000200176000,0.0002763520000
PP yHV68_5,PP,yHV68,2,5,,,
Proximal Colon MHV-Y_1,Proximal Colon,MHV-Y,2,1,0.0000189992000,0.0000023749000,0.0002404850000
Proximal Colon MHV-Y_2,Proximal Colon,MHV-Y,2,2,0.0000080596000,0.0000010074500,0.0001572980000
Proximal Colon MHV-Y_3,Proximal Colon,MHV-Y,2,3,0.0000234593000,0.0000029324100,0.0001786130000
Proximal Colon MHV-Y_4,Proximal Colon,MHV-Y,2,4,,,
Proximal Colon MHV-Y_5,Proximal Colon,MHV-Y,2,5,,,
Proximal Colon Uninfected_1,Proximal Colon,Uninfected,2,1,0.0000208354000,0.0000005356820,0.0001163360000
Proximal Colon Uninfected_2,Proximal Colon,Uninfected,2,2,0.0000028226900,0.0000001718910,0.0002170960000
Proximal Colon Uninfected_3,Proximal Colon,Uninfected,2,3,0.0000303485000,0.0000037935600,0.0005373670000
Proximal Colon Uninfected_4,Proximal Colon,Uninfected,2,4,0.0000131721000,0.0000011601100,0.0003223880000
Proximal Colon Uninfected_5,Proximal Colon,Uninfected,2,5,0.0000086408300,0.0000010801000,0.0002640390000
Proximal Colon yHV68 and MHV-Y_1,Proximal Colon,yHV68 and MHV-Y,2,1,0.0000563630000,0.0000070453800,0.0000070453800
Proximal Colon yHV68 and MHV-Y_2,Proximal Colon,yHV68 and MHV-Y,2,2,0.0000128542000,0.0000016067700,0.0000016067700
Proximal Colon yHV68 and MHV-Y_3,Proximal Colon,yHV68 and MHV-Y,2,3,0.0000105945000,0.0000013243100,0.0001562910000
Proximal Colon yHV68 and MHV-Y_4,Proximal Colon,yHV68 and MHV-Y,2,4,0.0000015874200,0.0000016777300,0.0002053890000
Proximal Colon yHV68 and MHV-Y_5,Proximal Colon,yHV68 and MHV-Y,2,5,0.0000176945000,0.0000022118200,0.0002298730000
Proximal Colon yHV68_1,Proximal Colon,yHV68,2,1,0.0000015722700,0.0000001965340,0.0001232570000
Proximal Colon yHV68_2,Proximal Colon,yHV68,2,2,0.0000061980500,0.0000007747570,0.0002952170000
Proximal Colon yHV68_3,Proximal Colon,yHV68,2,3,0.0000254076000,0.0000031759500,0.0003536960000
Proximal Colon yHV68_4,Proximal Colon,yHV68,2,4,0.0000141137000,0.0000017642200,0.0003110000000
Proximal Colon yHV68_5,Proximal Colon,yHV68,2,5,0.0000049278300,0.0000006159790,0.0001580410000
SI Zone A MHV-Y_1,SI Zone A,MHV-Y,2,1,0.0000014909200,0.0000009444850,0.0001046180000
SI Zone A MHV-Y_2,SI Zone A,MHV-Y,2,2,0.0000115917000,0.0000014489700,0.0002033460000
SI Zone A MHV-Y_3,SI Zone A,MHV-Y,2,3,0.0000172842000,0.0000021605200,0.0000021605200
SI Zone A MHV-Y_4,SI Zone A,MHV-Y,2,4,0.0000181379000,0.0000022672400,0.0001888940000
SI Zone A MHV-Y_5,SI Zone A,MHV-Y,2,5,,,
SI Zone A Uninfected_1,SI Zone A,Uninfected,2,1,0.0000129993000,0.0000085125100,0.0002565010000
SI Zone A Uninfected_2,SI Zone A,Uninfected,2,2,0.0007590590000,0.0000027918400,0.0003676020000
SI Zone A Uninfected_3,SI Zone A,Uninfected,2,3,0.0001809100000,0.0000032157300,0.0002416920000
SI Zone A Uninfected_4,SI Zone A,Uninfected,2,4,0.0000588233000,0.0000016185100,0.0000610833000
SI Zone A Uninfected_5,SI Zone A,Uninfected,2,5,0.0001884300000,0.0000022573100,0.0003807930000
SI Zone A yHV68 and MHV-Y_1,SI Zone A,yHV68 and MHV-Y,2,1,0.0000143911000,0.0000017988900,0.0002753240000
SI Zone A yHV68 and MHV-Y_2,SI Zone A,yHV68 and MHV-Y,2,2,0.0000086715800,0.0000010839500,0.0003310380000
SI Zone A yHV68 and MHV-Y_3,SI Zone A,yHV68 and MHV-Y,2,3,0.0000172839000,0.0000021604900,0.0002553520000
SI Zone A yHV68 and MHV-Y_4,SI Zone A,yHV68 and MHV-Y,2,4,0.0000076188100,0.0000009523510,0.0000728573000
SI Zone A yHV68 and MHV-Y_5,SI Zone A,yHV68 and MHV-Y,2,5,0.0000064693300,0.0000008086660,0.0001182550000
SI Zone A yHV68_1,SI Zone A,yHV68,2,1,0.0000575547000,0.0000020356100,0.0003473900000
SI Zone A yHV68_2,SI Zone A,yHV68,2,2,0.0000864858000,0.0000026105900,0.0004424160000
SI Zone A yHV68_3,SI Zone A,yHV68,2,3,0.0003701420000,0.0000014578200,0.0002958770000
SI Zone A yHV68_4,SI Zone A,yHV68,2,4,0.0000223359000,0.0000009910770,0.0001031320000
SI Zone A yHV68_5,SI Zone A,yHV68,2,5,0.0000157580000,0.0000019697500,0.0002460060000
SI Zone B MHV-Y_1,SI Zone B,MHV-Y,2,1,0.0000177399000,0.0000022174800,0.0001506960000
SI Zone B MHV-Y_2,SI Zone B,MHV-Y,2,2,0.0000131660000,0.0000016457500,0.0000993158000
SI Zone B MHV-Y_3,SI Zone B,MHV-Y,2,3,0.0000206195000,0.0000025774400,0.0001685370000
SI Zone B MHV-Y_4,SI Zone B,MHV-Y,2,4,0.0000169056000,0.0000021132000,0.0001042190000
SI Zone B MHV-Y_5,SI Zone B,MHV-Y,2,5,0.0000187675000,0.0000023459300,0.0000023459300
SI Zone B Uninfected_1,SI Zone B,Uninfected,2,1,0.0003072250000,0.0000014909500,0.0001708220000
SI Zone B Uninfected_2,SI Zone B,Uninfected,2,2,0.0006012020000,0.0000030861600,0.0005078040000
SI Zone B Uninfected_3,SI Zone B,Uninfected,2,3,0.0000204901000,0.0000025612600,0.0003336750000
SI Zone B Uninfected_4,SI Zone B,Uninfected,2,4,0.0000067553500,0.0000016935600,0.0000810454000
SI Zone B Uninfected_5,SI Zone B,Uninfected,2,5,0.0001755150000,0.0000023531600,0.0001206400000
SI Zone B yHV68 and MHV-Y_1,SI Zone B,yHV68 and MHV-Y,2,1,0.0000403036000,0.0000050379600,0.0000050379600
SI Zone B yHV68 and MHV-Y_2,SI Zone B,yHV68 and MHV-Y,2,2,0.0000258640000,0.0000032330000,0.0002158050000
SI Zone B yHV68 and MHV-Y_3,SI Zone B,yHV68 and MHV-Y,2,3,0.0000111108000,0.0000013888600,0.0004977190000
SI Zone B yHV68 and MHV-Y_4,SI Zone B,yHV68 and MHV-Y,2,4,0.0000079063200,0.0000011501800,0.0002102510000
SI Zone B yHV68 and MHV-Y_5,SI Zone B,yHV68 and MHV-Y,2,5,0.0000158059000,0.0000019757400,0.0001979090000
SI Zone B yHV68_1,SI Zone B,yHV68,2,1,0.0000246481000,0.0000013645700,0.0001605720000
SI Zone B yHV68_2,SI Zone B,yHV68,2,2,0.0000135646000,0.0000033304500,0.0003363090000
SI Zone B yHV68_3,SI Zone B,yHV68,2,3,0.0001233940000,0.0000037850100,0.0004335440000
SI Zone B yHV68_4,SI Zone B,yHV68,2,4,0.0000262591000,0.0000025695100,0.0002959600000
SI Zone B yHV68_5,SI Zone B,yHV68,2,5,0.0000637947000,0.0000020113200,0.0001293550000
SI Zone C MHV-Y_1,SI Zone C,MHV-Y,2,1,0.0000032433000,0.0000012306000,0.0002399940000
SI Zone C MHV-Y_2,SI Zone C,MHV-Y,2,2,0.0000147666000,0.0000018458200,0.0001661580000
SI Zone C MHV-Y_3,SI Zone C,MHV-Y,2,3,0.0000056251600,0.0000007031450,0.0001293480000
SI Zone C MHV-Y_4,SI Zone C,MHV-Y,2,4,0.0000159933000,0.0000019991700,0.0001850200000
SI Zone C MHV-Y_5,SI Zone C,MHV-Y,2,5,,,
SI Zone C Uninfected_1,SI Zone C,Uninfected,2,1,0.0003110040000,0.0000018872200,0.0004504190000
SI Zone C Uninfected_2,SI Zone C,Uninfected,2,2,0.0000135087000,0.0000016885900,0.0002473230000
SI Zone C Uninfected_3,SI Zone C,Uninfected,2,3,0.0000176486000,0.0000022060700,0.0001919170000
SI Zone C Uninfected_4,SI Zone C,Uninfected,2,4,0.0000045265700,0.0000009780010,0.0000717637000
SI Zone C Uninfected_5,SI Zone C,Uninfected,2,5,0.0000033997000,0.0000007857260,0.0000696170000
SI Zone C yHV68 and MHV-Y_1,SI Zone C,yHV68 and MHV-Y,2,1,0.0000068143100,0.0000008517880,0.0000008517880
SI Zone C yHV68 and MHV-Y_2,SI Zone C,yHV68 and MHV-Y,2,2,0.0000032691500,0.0000021155200,0.0001637960000
SI Zone C yHV68 and MHV-Y_3,SI Zone C,yHV68 and MHV-Y,2,3,0.0000132218000,0.0000016527200,0.0004889010000
SI Zone C yHV68 and MHV-Y_4,SI Zone C,yHV68 and MHV-Y,2,4,0.0000128658000,0.0000016082300,0.0002655520000
SI Zone C yHV68 and MHV-Y_5,SI Zone C,yHV68 and MHV-Y,2,5,0.0000064819600,0.0000008102450,0.0001730830000
SI Zone C yHV68_1,SI Zone C,yHV68,2,1,0.0000100681000,0.0000012555200,0.0000539950000
SI Zone C yHV68_2,SI Zone C,yHV68,2,2,0.0000112810000,0.0000008682690,0.0000779941000
SI Zone C yHV68_3,SI Zone C,yHV68,2,3,0.0000223250000,0.0000014211000,0.0001021130000
SI Zone C yHV68_4,SI Zone C,yHV68,2,4,0.0000116621000,0.0000014577600,0.0001095150000
SI Zone C yHV68_5,SI Zone C,yHV68,2,5,0.0000097641400,0.0000012205200,0.0000465545000
SI Zone D MHV-Y_1,SI Zone D,MHV-Y,2,1,0.0000041049000,0.0000012363300,0.0000687301000
SI Zone D MHV-Y_2,SI Zone D,MHV-Y,2,2,0.0000279440000,0.0000034930000,0.0001822780000
SI Zone D MHV-Y_3,SI Zone D,MHV-Y,2,3,0.0000277981000,0.0000065779300,0.0002519710000
SI Zone D MHV-Y_4,SI Zone D,MHV-Y,2,4,0.0000146722000,0.0000018340200,0.0000042507800
SI Zone D MHV-Y_5,SI Zone D,MHV-Y,2,5,0.0000227545000,0.0000028443100,0.0000028443100
SI Zone D Uninfected_1,SI Zone D,Uninfected,2,1,0.0000914917000,0.0000016287500,0.0001687420000
SI Zone D Uninfected_2,SI Zone D,Uninfected,2,2,0.0000221970000,0.0000016587900,0.0000660762000
SI Zone D Uninfected_3,SI Zone D,Uninfected,2,3,0.0000156523000,0.0000019565300,0.0000799160000
SI Zone D Uninfected_4,SI Zone D,Uninfected,2,4,0.0000258571000,0.0000019484800,0.0000591311000
SI Zone D Uninfected_5,SI Zone D,Uninfected,2,5,0.0000065804900,0.0000021524900,0.0001360640000
SI Zone D yHV68 and MHV-Y_1,SI Zone D,yHV68 and MHV-Y,2,1,0.0000194375000,0.0000024296900,0.0000557973000
SI Zone D yHV68 and MHV-Y_2,SI Zone D,yHV68 and MHV-Y,2,2,0.0000224043000,0.0000028005400,0.0000280906000
SI Zone D yHV68 and MHV-Y_3,SI Zone D,yHV68 and MHV-Y,2,3,0.0000093099000,0.0000011637400,0.0000680429000
SI Zone D yHV68 and MHV-Y_4,SI Zone D,yHV68 and MHV-Y,2,4,0.0000169137000,0.0000021142200,0.0002920540000
SI Zone D yHV68 and MHV-Y_5,SI Zone D,yHV68 and MHV-Y,2,5,0.0000190507000,0.0000023813400,0.0002711820000
SI Zone D yHV68_1,SI Zone D,yHV68,2,1,0.0000132715000,0.0000016589300,0.0000586557000
SI Zone D yHV68_2,SI Zone D,yHV68,2,2,0.0000204076000,0.0000013227300,0.0000544781000
SI Zone D yHV68_3,SI Zone D,yHV68,2,3,0.0000287768000,0.0000019705500,0.0000738105000
SI Zone D yHV68_4,SI Zone D,yHV68,2,4,0.0000462311000,0.0000014152900,0.0000603852000
SI Zone D yHV68_5,SI Zone D,yHV68,2,5,0.0000093709100,0.0000021676600,0.0000662267000
SI Zone E MHV-Y_1,SI Zone E,MHV-Y,2,1,0.0000178608000,0.0000022326000,0.0000688154000
SI Zone E MHV-Y_2,SI Zone E,MHV-Y,2,2,,,
SI Zone E MHV-Y_3,SI Zone E,MHV-Y,2,3,0.0000109050000,0.0000013631200,0.0000517211000
SI Zone E MHV-Y_4,SI Zone E,MHV-Y,2,4,,,
SI Zone E MHV-Y_5,SI Zone E,MHV-Y,2,5,0.0000057995600,0.0000007249450,0.0000007249450
SI Zone E Uninfected_1,SI Zone E,Uninfected,2,1,0.0000448611000,0.0000025363800,0.0000994047000
SI Zone E Uninfected_2,SI Zone E,Uninfected,2,2,0.0000057008700,0.0000007126080,0.0001262320000
SI Zone E Uninfected_3,SI Zone E,Uninfected,2,3,0.0000481174000,0.0000060146700,0.0000843076000
SI Zone E Uninfected_4,SI Zone E,Uninfected,2,4,0.0000901213000,0.0000058644200,0.0000406217000
SI Zone E Uninfected_5,SI Zone E,Uninfected,2,5,0.0000286868000,0.0000035858500,0.0000619910000
SI Zone E yHV68 and MHV-Y_1,SI Zone E,yHV68 and MHV-Y,2,1,,,
SI Zone E yHV68 and MHV-Y_2,SI Zone E,yHV68 and MHV-Y,2,2,,,
SI Zone E yHV68 and MHV-Y_3,SI Zone E,yHV68 and MHV-Y,2,3,0.0703614470000,0.0087951810000,0.0087951810000
SI Zone E yHV68 and MHV-Y_4,SI Zone E,yHV68 and MHV-Y,2,4,0.0000071612800,0.0000008951600,0.0000722457000
SI Zone E yHV68 and MHV-Y_5,SI Zone E,yHV68 and MHV-Y,2,5,0.0000133634000,0.0000016704200,0.0001130870000
SI Zone E yHV68_1,SI Zone E,yHV68,2,1,0.0000502325000,0.0000062790600,0.0000615234000
SI Zone E yHV68_2,SI Zone E,yHV68,2,2,0.0000622752000,0.0000077844100,0.0000853005000
SI Zone E yHV68_3,SI Zone E,yHV68,2,3,0.0000263797000,0.0000032974600,0.0001776400000
SI Zone E yHV68_4,SI Zone E,yHV68,2,4,0.0000135726000,0.0000016193600,0.0001421860000
SI Zone E yHV68_5,SI Zone E,yHV68,2,5,0.0000335682000,0.0000034616900,0.0000669479000
Spleen MHV-Y_1,Spleen,MHV-Y,2,1,0.0000043492000,0.0000005436500,0.0009159860000
Spleen MHV-Y_2,Spleen,MHV-Y,2,2,0.0000005519280,0.0000226982000,0.0097397530000
Spleen MHV-Y_3,Spleen,MHV-Y,2,3,0.0000154510000,0.0001841530000,0.0138213090000
Spleen MHV-Y_4,Spleen,MHV-Y,2,4,0.0000008532840,0.0001496670000,0.0077229410000
Spleen MHV-Y_5,Spleen,MHV-Y,2,5,0.0000017892900,0.0000517008000,0.0104865470000
Spleen Uninfected_1,Spleen,Uninfected,2,1,0.0000040552600,0.0000005069070,0.0000005069070
Spleen Uninfected_2,Spleen,Uninfected,2,2,0.0000040510300,0.0000005063790,0.0137834450000
Spleen Uninfected_3,Spleen,Uninfected,2,3,0.0000037120400,0.0000004640040,0.0077901600000
Spleen Uninfected_4,Spleen,Uninfected,2,4,0.0000367154000,0.0000005081100,0.0114611870000
Spleen Uninfected_5,Spleen,Uninfected,2,5,0.0000047192000,0.0000002713380,0.0107942290000
Spleen yHV68 and MHV-Y_1,Spleen,yHV68 and MHV-Y,2,1,0.0000009064860,0.0000343922000,0.0092079930000
Spleen yHV68 and MHV-Y_2,Spleen,yHV68 and MHV-Y,2,2,0.0000356837000,0.0000044604600,0.0046402950000
Spleen yHV68 and MHV-Y_3,Spleen,yHV68 and MHV-Y,2,3,0.0000174476000,0.0000021809500,0.0016180800000
Spleen yHV68 and MHV-Y_4,Spleen,yHV68 and MHV-Y,2,4,0.0000131122000,0.0000016390200,0.0075312920000
Spleen yHV68 and MHV-Y_5,Spleen,yHV68 and MHV-Y,2,5,0.0000035930100,0.0000054272200,0.0119181210000
Spleen yHV68_1,Spleen,yHV68,2,1,0.0056526390000,0.0000946740000,0.0160146260000
Spleen yHV68_2,Spleen,yHV68,2,2,0.0011446220000,0.0000738121000,0.0091218870000
Spleen yHV68_3,Spleen,yHV68,2,3,0.0000045269100,0.0000303431000,0.0100547450000
Spleen yHV68_4,Spleen,yHV68,2,4,0.0000248221000,0.0001065240000,0.0118032610000
Spleen yHV68_5,Spleen,yHV68,2,5,0.0000250457000,0.0000046801500,0.0000195513000
Cecum MHV-Y_1,Cecum,MHV-Y,3,1,0.0000052286096,0.0000006444008,0.0000424649231
Cecum MHV-Y_2,Cecum,MHV-Y,3,2,0.0154753560112,0.0000008701603,0.0000603549409
Cecum MHV-Y_3,Cecum,MHV-Y,3,3,0.0688023333413,0.0000008386717,0.0000664230553
Cecum MHV-Y_4,Cecum,MHV-Y,3,4,0.0002020389517,0.0000010134441,0.0000626363312
Cecum MHV-Y_5,Cecum,MHV-Y,3,5,0.0003067999842,0.0000007551493,0.0001193657172
Cecum Uninfected_1,Cecum,Uninfected,3,1,0.0000033954610,0.0000004596723,0.0001090642035
Cecum Uninfected_2,Cecum,Uninfected,3,2,0.0000087044674,0.0000010880584,0.0000786257919
Cecum Uninfected_3,Cecum,Uninfected,3,3,0.0000000978376,0.0000002799226,0.0000745225386
Cecum Uninfected_4,Cecum,Uninfected,3,4,0.0000044513824,0.0000005564228,0.0000630829358
Cecum Uninfected_5,Cecum,Uninfected,3,5,0.0000026819371,0.0000003352421,0.0000003352421
Cecum yHV68 and MHV-Y_1,Cecum,yHV68 and MHV-Y,3,1,0.0000192999782,0.0000003125393,0.0000892484881
Cecum yHV68 and MHV-Y_2,Cecum,yHV68 and MHV-Y,3,2,0.2048138493456,0.0000003822927,0.0001223894661
Cecum yHV68 and MHV-Y_3,Cecum,yHV68 and MHV-Y,3,3,0.0001073176249,0.0000007592437,0.0000879562356
Cecum yHV68 and MHV-Y_4,Cecum,yHV68 and MHV-Y,3,4,0.2055016971613,0.0000009001043,0.0000812387228
Cecum yHV68 and MHV-Y_5,Cecum,yHV68 and MHV-Y,3,5,0.4295577014932,0.0000009223530,0.0000620223443
Cecum yHV68_1,Cecum,yHV68,3,1,0.0000044384071,0.0000003677398,0.0000458202154
Cecum yHV68_2,Cecum,yHV68,3,2,0.0000032708027,0.0000004088503,0.0000522578284
Cecum yHV68_3,Cecum,yHV68,3,3,0.0000060579261,0.0000007572408,0.0000941633074
Cecum yHV68_4,Cecum,yHV68,3,4,0.0000063079269,0.0000007343749,0.0000712929620
Cecum yHV68_5,Cecum,yHV68,3,5,0.0000125090785,0.0000004445778,0.0000732959698
Distal Colon MHV-Y_1,Distal Colon,MHV-Y,3,1,0.0000742689754,0.0000092836219,0.0000092836219
Distal Colon MHV-Y_2,Distal Colon,MHV-Y,3,2,0.0062791287989,0.0000012129829,0.0000097394391
Distal Colon MHV-Y_3,Distal Colon,MHV-Y,3,3,0.0025609620072,0.0000012529106,0.0000082129222
Distal Colon MHV-Y_4,Distal Colon,MHV-Y,3,4,0.0001105276676,0.0000138159585,0.0000404672413
Distal Colon MHV-Y_5,Distal Colon,MHV-Y,3,5,0.0000086426143,0.0000010803268,0.0000262188840
Distal Colon Uninfected_1,Distal Colon,Uninfected,3,1,0.0000892202923,0.0000038778676,0.0000509352238
Distal Colon Uninfected_2,Distal Colon,Uninfected,3,2,0.0000138661156,0.0000014676008,0.0000637326948
Distal Colon Uninfected_3,Distal Colon,Uninfected,3,3,0.0021022940516,0.0000085600232,0.0000133078330
Distal Colon Uninfected_4,Distal Colon,Uninfected,3,4,0.0000119713569,0.0000026653697,0.0000113429317
Distal Colon Uninfected_5,Distal Colon,Uninfected,3,5,0.0000171538497,0.0000021442312,0.0000089124568
Distal Colon yHV68 and MHV-Y_1,Distal Colon,yHV68 and MHV-Y,3,1,0.0003038187129,0.0000047407199,0.0000031768212
Distal Colon yHV68 and MHV-Y_2,Distal Colon,yHV68 and MHV-Y,3,2,0.0034232259119,0.0000063996214,0.0000094115022
Distal Colon yHV68 and MHV-Y_3,Distal Colon,yHV68 and MHV-Y,3,3,0.0000364717082,0.0000037611336,0.0000048964659
Distal Colon yHV68 and MHV-Y_4,Distal Colon,yHV68 and MHV-Y,3,4,0.0000647109624,0.0000035112425,0.0000083318017
Distal Colon yHV68 and MHV-Y_5,Distal Colon,yHV68 and MHV-Y,3,5,0.0001376647347,0.0000010786499,0.0000105014008
Distal Colon yHV68_1,Distal Colon,yHV68,3,1,0.0000075567757,0.0000004965535,0.0000261500293
Distal Colon yHV68_2,Distal Colon,yHV68,3,2,0.0000233776275,0.0000044273072,0.0000044273072
Distal Colon yHV68_3,Distal Colon,yHV68,3,3,0.0000017107445,0.0000001651526,0.0000291595520
Distal Colon yHV68_4,Distal Colon,yHV68,3,4,0.0000035923127,0.0000000699026,0.0000165702911
Distal Colon yHV68_5,Distal Colon,yHV68,3,5,0.0000428386657,0.0000014044655,0.0000104739195
Liver MHV-Y_1,Liver,MHV-Y,3,1,0.0001916843335,0.0000001979124,0.0001214902218
Liver MHV-Y_2,Liver,MHV-Y,3,2,0.0000034082699,0.0000003739946,0.0000367500684
Liver MHV-Y_3,Liver,MHV-Y,3,3,0.0000197376565,0.0000001578881,0.0001481947845
Liver MHV-Y_4,Liver,MHV-Y,3,4,0.0011113714625,0.0000002284229,0.0000970300923
Liver MHV-Y_5,Liver,MHV-Y,3,5,0.0000116989866,0.0000007258873,0.0000007258873
Liver Uninfected_1,Liver,Uninfected,3,1,0.0001594988608,0.0000153618983,0.0002144066583
Liver Uninfected_2,Liver,Uninfected,3,2,0.0000015904394,0.0000001988049,0.0000937510897
Liver Uninfected_3,Liver,Uninfected,3,3,0.0000011077403,0.0000001664298,0.0000001664298
Liver Uninfected_4,Liver,Uninfected,3,4,0.0000031389589,0.0000001719979,0.0000344718305
Liver Uninfected_5,Liver,Uninfected,3,5,0.0000070823060,0.0000008852882,0.0000008852882
Liver yHV68 and MHV-Y_1,Liver,yHV68 and MHV-Y,3,1,0.0000010579718,0.0000001322465,0.0000001322465
Liver yHV68 and MHV-Y_2,Liver,yHV68 and MHV-Y,3,2,0.0000010476925,0.0000001072216,0.0000554511183
Liver yHV68 and MHV-Y_3,Liver,yHV68 and MHV-Y,3,3,0.0000021700836,0.0000002712604,0.0000604429376
Liver yHV68 and MHV-Y_4,Liver,yHV68 and MHV-Y,3,4,0.0000016439021,0.0000001847531,0.0000713935553
Liver yHV68 and MHV-Y_5,Liver,yHV68 and MHV-Y,3,5,0.0000083393616,0.0000002559064,0.0000480172896
Liver yHV68_1,Liver,yHV68,3,1,0.0000005009854,0.0000002530089,0.0000395002935
Liver yHV68_2,Liver,yHV68,3,2,0.0000004987533,0.0000001348162,0.0000570601285
Liver yHV68_3,Liver,yHV68,3,3,0.0000031101585,0.0000004167344,0.0001013469485
Liver yHV68_4,Liver,yHV68,3,4,0.0000055062660,0.0000001941462,0.0000524771950
Liver yHV68_5,Liver,yHV68,3,5,0.0000021927356,0.0000002329330,0.0000890944633
mLN MHV-Y_1,mLN,MHV-Y,3,1,0.0253356950163,0.0000000994517,0.0000198882330
mLN MHV-Y_2,mLN,MHV-Y,3,2,0.0280251692802,0.0000008188095,0.0000220884445
mLN MHV-Y_3,mLN,MHV-Y,3,3,0.0872379744058,0.0000003002974,0.0000288668860
mLN MHV-Y_4,mLN,MHV-Y,3,4,0.0311398016340,0.0000001434214,0.0000252202685
mLN MHV-Y_5,mLN,MHV-Y,3,5,0.0939312801343,0.0000006891533,0.0000934817093
mLN Uninfected_1,mLN,Uninfected,3,1,0.0000092993209,0.0000008945073,0.0002062063337
mLN Uninfected_2,mLN,Uninfected,3,2,0.0000087636806,0.0000017941094,0.0003385357384
mLN Uninfected_3,mLN,Uninfected,3,3,0.0000141351295,0.0000010655392,0.0002294678539
mLN Uninfected_4,mLN,Uninfected,3,4,0.0000167040785,0.0000020880098,0.0002612093438
mLN Uninfected_5,mLN,Uninfected,3,5,0.0000101410886,0.0000012676361,0.0001561859905
mLN yHV68 and MHV-Y_1,mLN,yHV68 and MHV-Y,3,1,0.0295546503142,0.0000043072872,0.0000100316235
mLN yHV68 and MHV-Y_2,mLN,yHV68 and MHV-Y,3,2,0.0106703751891,0.0000065321335,0.0000109328109
mLN yHV68 and MHV-Y_3,mLN,yHV68 and MHV-Y,3,3,0.0207976217120,0.0000019308465,0.0000796964671
mLN yHV68 and MHV-Y_4,mLN,yHV68 and MHV-Y,3,4,0.1470289207078,0.0000004916949,0.0001100756778
mLN yHV68 and MHV-Y_5,mLN,yHV68 and MHV-Y,3,5,0.0566815154217,0.0000003222847,0.0001250547311
mLN yHV68_1,mLN,yHV68,3,1,0.0000173439674,0.0000021658358,0.0000021658358
mLN yHV68_2,mLN,yHV68,3,2,0.0000047367041,0.0000005319764,0.0001722784965
mLN yHV68_3,mLN,yHV68,3,3,0.0000212173087,0.0000026521636,0.0002173661073
mLN yHV68_4,mLN,yHV68,3,4,0.0000192054187,0.0000007055074,0.0002951443497
mLN yHV68_5,mLN,yHV68,3,5,0.0000923680556,0.0000059124709,0.0000059124709
PP MHV-Y_1,PP,MHV-Y,3,1,0.0202193113328,0.0000018194338,0.0001154132109
PP MHV-Y_2,PP,MHV-Y,3,2,0.0161246758724,0.0000016750564,0.0002878433926
PP MHV-Y_3,PP,MHV-Y,3,3,0.0231350970194,0.0000010013206,0.0000998767462
PP MHV-Y_4,PP,MHV-Y,3,4,0.0123149876433,0.0000019079968,0.0000663745107
PP MHV-Y_5,PP,MHV-Y,3,5,0.0054144239090,0.0000018762184,0.0000888441010
PP Uninfected_1,PP,Uninfected,3,1,0.0001656316105,0.0000022620157,0.0001743828086
PP Uninfected_2,PP,Uninfected,3,2,0.0001016889258,0.0000032781535,0.0001666247910
PP Uninfected_3,PP,Uninfected,3,3,0.0056818518683,0.0000015078506,0.0001105359971
PP Uninfected_4,PP,Uninfected,3,4,0.0023082030711,0.0000011874290,0.0000600101834
PP Uninfected_5,PP,Uninfected,3,5,0.0000140707108,0.0000017588388,0.0000609122235
PP yHV68 and MHV-Y_1,PP,yHV68 and MHV-Y,3,1,0.0103158104282,0.0000009809402,0.0001442918760
PP yHV68 and MHV-Y_2,PP,yHV68 and MHV-Y,3,2,0.0136009247518,0.0000006533352,0.0000811443699
PP yHV68 and MHV-Y_3,PP,yHV68 and MHV-Y,3,3,0.0046491434254,0.0000003726901,0.0001067754501
PP yHV68 and MHV-Y_4,PP,yHV68 and MHV-Y,3,4,0.0139503842399,0.0000011128338,0.0001027003421
PP yHV68 and MHV-Y_5,PP,yHV68 and MHV-Y,3,5,0.0293420388298,0.0000030046854,0.0001014473553
PP yHV68_1,PP,yHV68,3,1,0.0000138037441,0.0000014290053,0.0001025345560
PP yHV68_2,PP,yHV68,3,2,0.0000243244013,0.0000026744166,0.0000720371889
PP yHV68_3,PP,yHV68,3,3,0.0000205330645,0.0000025666331,0.0000971278274
PP yHV68_4,PP,yHV68,3,4,0.0000735476695,0.0000031238110,0.0000890335281
PP yHV68_5,PP,yHV68,3,5,0.0000538332553,0.0000025628083,0.0000876144433
Proximal Colon MHV-Y_1,Proximal Colon,MHV-Y,3,1,0.0000022158409,0.0000000836226,0.0000218895417
Proximal Colon MHV-Y_2,Proximal Colon,MHV-Y,3,2,0.0299633251617,0.0000000663700,0.0000304568969
Proximal Colon MHV-Y_3,Proximal Colon,MHV-Y,3,3,0.2650522474152,0.0000001244309,0.0000215751642
Proximal Colon MHV-Y_4,Proximal Colon,MHV-Y,3,4,0.0000053410213,0.0000001122317,0.0000210877882
Proximal Colon MHV-Y_5,Proximal Colon,MHV-Y,3,5,0.0000113741516,0.0000003521065,0.0000438759063
Proximal Colon Uninfected_1,Proximal Colon,Uninfected,3,1,0.0000252698316,0.0000031587289,0.0000904525149
Proximal Colon Uninfected_2,Proximal Colon,Uninfected,3,2,0.0000097131171,0.0000005925273,0.0000882874548
Proximal Colon Uninfected_3,Proximal Colon,Uninfected,3,3,0.0000010609097,0.0000000731166,0.0000221387447
Proximal Colon Uninfected_4,Proximal Colon,Uninfected,3,4,0.0000087852807,0.0000010981601,0.0000655100410
Proximal Colon Uninfected_5,Proximal Colon,Uninfected,3,5,0.0000009629325,0.0000001309352,0.0000758659107
Proximal Colon yHV68 and MHV-Y_1,Proximal Colon,yHV68 and MHV-Y,3,1,0.0000018488102,0.0000003511665,0.0000274209537
Proximal Colon yHV68 and MHV-Y_2,Proximal Colon,yHV68 and MHV-Y,3,2,0.2850050242789,0.0000000525949,0.0000208069205
Proximal Colon yHV68 and MHV-Y_3,Proximal Colon,yHV68 and MHV-Y,3,3,0.0000374588398,0.0000000996196,0.0000517387351
Proximal Colon yHV68 and MHV-Y_4,Proximal Colon,yHV68 and MHV-Y,3,4,0.0000020150079,0.0000000863089,0.0000347016725
Proximal Colon yHV68 and MHV-Y_5,Proximal Colon,yHV68 and MHV-Y,3,5,0.8127856340410,0.0000001414919,0.0000282539306
Proximal Colon yHV68_1,Proximal Colon,yHV68,3,1,0.0000014488160,0.0000001166580,0.0000519633760
Proximal Colon yHV68_2,Proximal Colon,yHV68,3,2,0.0000015593213,0.0000001087103,0.0000757621709
Proximal Colon yHV68_3,Proximal Colon,yHV68,3,3,0.0000244079963,0.0000004482191,0.0000488593171
Proximal Colon yHV68_4,Proximal Colon,yHV68,3,4,0.0000129263585,0.0000003609329,0.0000409901357
Proximal Colon yHV68_5,Proximal Colon,yHV68,3,5,0.0000011046457,0.0000001380807,0.0000516671673
Spleen MHV-Y_1,Spleen,MHV-Y,3,1,0.0000075393523,0.0000003729834,0.0035590722467
Spleen MHV-Y_2,Spleen,MHV-Y,3,2,0.0000329844248,0.0000013786546,0.0035041652198
Spleen MHV-Y_3,Spleen,MHV-Y,3,3,0.0008453429315,0.0000007740289,0.0040723564906
Spleen MHV-Y_4,Spleen,MHV-Y,3,4,0.0000026231402,0.0000002736696,0.0036642845832
Spleen MHV-Y_5,Spleen,MHV-Y,3,5,0.0000120171527,0.0000006231240,0.0033996243692
Spleen Uninfected_1,Spleen,Uninfected,3,1,,,
Spleen Uninfected_2,Spleen,Uninfected,3,2,,,
Spleen Uninfected_3,Spleen,Uninfected,3,3,,,
Spleen Uninfected_4,Spleen,Uninfected,3,4,,,
Spleen Uninfected_5,Spleen,Uninfected,3,5,,,
Spleen yHV68 and MHV-Y_1,Spleen,yHV68 and MHV-Y,3,1,0.0000034080671,0.0000266519342,0.0028766571650
Spleen yHV68 and MHV-Y_2,Spleen,yHV68 and MHV-Y,3,2,0.0000086392671,0.0000012722700,0.0047318714199
Spleen yHV68 and MHV-Y_3,Spleen,yHV68 and MHV-Y,3,3,0.0000019497817,0.0000004419313,0.0027845899331
Spleen yHV68 and MHV-Y_4,Spleen,yHV68 and MHV-Y,3,4,0.0000303205194,0.0000018739056,0.0049683252119
Spleen yHV68 and MHV-Y_5,Spleen,yHV68 and MHV-Y,3,5,0.0000281119334,0.0000010155942,0.0044003063612
Spleen yHV68_1,Spleen,yHV68,3,1,,,
Spleen yHV68_2,Spleen,yHV68,3,2,,,
Spleen yHV68_3,Spleen,yHV68,3,3,,,
Spleen yHV68_4,Spleen,yHV68,3,4,,,
Spleen yHV68_5,Spleen,yHV68,3,5,,,
